t,alpha,omega
0,0,0
0.1,0.00218208,0.0432605
0.2,0.00857684,0.0842633
0.3,0.0189614,0.123067
0.4,0.0331188,0.159729
0.5,0.0508377,0.194308
0.6,0.0719129,0.226863
0.7,0.0961447,0.257451
0.8,0.123339,0.28613
0.9,0.153309,0.312958
1,0.185871,0.337992
1.1,0.220849,0.361288
1.2,0.258073,0.382903
1.3,0.297376,0.402892
1.4,0.338599,0.421311
1.5,0.381587,0.438213
1.6,0.426193,0.453654
1.7,0.472271,0.467685
1.8,0.519684,0.480359
1.9,0.568299,0.491727
2,0.617988,0.501841
2.1,0.668627,0.510749
2.2,0.720099,0.518502
2.3,0.772291,0.525146
2.4,0.825093,0.53073
2.5,0.878403,0.535299
2.6,0.932121,0.538899
2.7,0.986152,0.541573
2.8,1.04041,0.543366
2.9,1.0948,0.544319
3,1.14924,0.544475
3.1,1.20367,0.543872
3.2,1.25799,0.542551
3.3,1.31215,0.540551
3.4,1.36608,0.537907
3.5,1.41972,0.534657
3.6,1.47299,0.530836
3.7,1.52586,0.526477
3.8,1.57827,0.521616
3.9,1.63017,0.516282
4,1.68152,0.510509
4.1,1.73226,0.504326
4.2,1.78237,0.497763
4.3,1.8318,0.490848
4.4,1.88053,0.483608
4.5,1.92851,0.47607
4.6,1.97573,0.468259
4.7,2.02216,0.460201
4.8,2.06776,0.451918
4.9,2.11253,0.443433
5,2.15644,0.434769
5.1,2.19948,0.425947
5.2,2.24163,0.416986
5.3,2.28287,0.407906
5.4,2.32321,0.398726
5.5,2.36262,0.389463
5.6,2.4011,0.380134
5.7,2.43864,0.370756
5.8,2.47525,0.361344
5.9,2.51091,0.351912
6,2.54563,0.342475
6.1,2.57941,0.333046
6.2,2.61224,0.323638
6.3,2.64413,0.314261
6.4,2.67509,0.304929
6.5,2.70512,0.29565
6.6,2.73423,0.286436
6.7,2.76241,0.277296
6.8,2.78969,0.268238
6.9,2.81606,0.259271
7,2.84155,0.250403
7.1,2.86615,0.24164
7.2,2.88988,0.23299
7.3,2.91275,0.224458
7.4,2.93477,0.216051
7.5,2.95596,0.207773
7.6,2.97633,0.19963
7.7,2.99589,0.191626
7.8,3.01466,0.183765
7.9,3.03265,0.17605
8,3.04988,0.168484
8.1,3.06635,0.161071
8.2,3.0821,0.153813
8.3,3.09712,0.146712
8.4,3.11144,0.139769
8.5,3.12508,0.132987
8.6,3.13805,0.126366
8.7,3.15036,0.119908
8.8,3.16203,0.113613
8.9,3.17309,0.107481
9,3.18354,0.101512
9.1,3.1934,0.0957074
9.2,3.20268,0.0900656
9.3,3.21141,0.0845865
9.4,3.21961,0.0792693
9.5,3.22727,0.0741131
9.6,3.23443,0.0691168
9.7,3.2411,0.0642793
9.8,3.24729,0.059599
9.9,3.25303,0.0550744
10,3.25831,0.0507039
10.1,3.26317,0.0464856
10.2,3.26762,0.0424177
10.3,3.27166,0.038498
10.4,3.27532,0.0347245
10.5,3.27861,0.0310949
10.6,3.28154,0.0276069
10.7,3.28414,0.0242581
10.8,3.2864,0.0210461
10.9,3.28835,0.0179683
11,3.29,0.0150222
11.1,3.29136,0.012205
11.2,3.29244,0.00951419
11.3,3.29327,0.006947
11.4,3.29384,0.00450069
11.5,3.29417,0.00217248
11.6,3.29428,-4.04152e-05
11.7,3.29417,-0.00214082
11.8,3.29385,-0.00413154
11.9,3.29334,-0.00601543
12,3.29265,-0.0077953
12.1,3.29179,-0.00947401
12.2,3.29076,-0.0110544
12.3,3.28958,-0.0125392
12.4,3.28826,-0.0139313
12.5,3.2868,-0.0152335
12.6,3.28521,-0.0164485
12.7,3.28351,-0.0175792
12.8,3.2817,-0.0186282
12.9,3.27979,-0.0195982
13,3.27778,-0.020492
13.1,3.27569,-0.0213121
13.2,3.27352,-0.0220612
13.3,3.27128,-0.0227419
13.4,3.26898,-0.0233566
13.5,3.26661,-0.023908
13.6,3.2642,-0.0243984
13.7,3.26173,-0.0248302
13.8,3.25923,-0.025206
13.9,3.25669,-0.0255279
14,3.25413,-0.0257984
14.1,3.25154,-0.0260195
14.2,3.24893,-0.0261936
14.3,3.2463,-0.0263228
14.4,3.24366,-0.0264091
14.5,3.24102,-0.0264547
14.6,3.23837,-0.0264615
14.7,3.23573,-0.0264316
14.8,3.23309,-0.0263668
14.9,3.23046,-0.0262689
15,3.22783,-0.0261399
15.1,3.22523,-0.0259814
15.2,3.22264,-0.0257952
15.3,3.22007,-0.0255829
15.4,3.21752,-0.0253461
15.5,3.215,-0.0250865
15.6,3.21251,-0.0248056
15.7,3.21004,-0.0245047
15.8,3.20761,-0.0241854
15.9,3.2052,-0.023849
16,3.20284,-0.0234969
16.1,3.20051,-0.0231303
16.2,3.19821,-0.0227504
16.3,3.19596,-0.0223585
16.4,3.19374,-0.0219558
16.5,3.19157,-0.0215433
16.6,3.18943,-0.021122
16.7,3.18734,-0.0206931
16.8,3.18529,-0.0202575
16.9,3.18329,-0.0198161
17,3.18133,-0.0193699
17.1,3.17942,-0.0189196
17.2,3.17755,-0.0184662
17.3,3.17572,-0.0180104
17.4,3.17394,-0.0175529
17.5,3.17221,-0.0170945
17.6,3.17053,-0.0166359
17.7,3.16888,-0.0161777
17.8,3.16729,-0.0157204
17.9,3.16574,-0.0152648
18,3.16424,-0.0148112
18.1,3.16278,-0.0143603
18.2,3.16136,-0.0139126
18.3,3.16,-0.0134684
18.4,3.15867,-0.0130283
18.5,3.15739,-0.0125926
18.6,3.15615,-0.0121617
18.7,3.15496,-0.0117359
18.8,3.1538,-0.0113156
18.9,3.15269,-0.0109011
19,3.15162,-0.0104926
19.1,3.1506,-0.0100904
19.2,3.14961,-0.00969479
19.3,3.14866,-0.00930591
19.4,3.14774,-0.00892398
19.5,3.14687,-0.00854916
19.6,3.14603,-0.00818161
19.7,3.14523,-0.00782147
19.8,3.14447,-0.00746885
19.9,3.14374,-0.00712387
20,3.14305,-0.00678661
20.1,3.14238,-0.00645714
20.2,3.14175,-0.00613551
20.3,3.14116,-0.00582178
20.4,3.14059,-0.00551597
20.5,3.14005,-0.00521811
20.6,3.13954,-0.00492819
20.7,3.13907,-0.00464622
20.8,3.13862,-0.00437217
20.9,3.13819,-0.00410603
21,3.13779,-0.00384776
21.1,3.13742,-0.00359732
21.2,3.13707,-0.00335464
21.3,3.13675,-0.00311967
21.4,3.13645,-0.00289235
21.5,3.13617,-0.0026726
21.6,3.13592,-0.00246033
21.7,3.13568,-0.00225545
21.8,3.13546,-0.00205789
21.9,3.13527,-0.00186752
22,3.13509,-0.00168426
22.1,3.13493,-0.00150799
22.2,3.13479,-0.0013386
22.3,3.13466,-0.00117597
22.4,3.13455,-0.00101999
22.5,3.13446,-0.000870528
22.6,3.13438,-0.000727462
22.7,3.13431,-0.000590663
22.8,3.13426,-0.000460002
22.9,3.13422,-0.000335347
23,3.13419,-0.000216564
23.1,3.13418,-0.000103518
23.2,3.13417,3.92648e-06
23.3,3.13418,0.000105906
23.4,3.13419,0.000202558
23.5,3.13422,0.00029402
23.6,3.13425,0.000380429
23.7,3.13429,0.000461924
23.8,3.13434,0.000538642
23.9,3.1344,0.00061072
24,3.13447,0.000678294
24.1,3.13454,0.000741501
24.2,3.13461,0.000800475
24.3,3.1347,0.000855349
24.4,3.13479,0.000906258
24.5,3.13488,0.000953332
24.6,3.13498,0.000996701
24.7,3.13508,0.00103649
24.8,3.13518,0.00107284
24.9,3.13529,0.00110586
25,3.1354,0.00113567
25.1,3.13552,0.00116241
25.2,3.13564,0.00118619
25.3,3.13576,0.00120713
25.4,3.13588,0.00122534
25.5,3.136,0.00124094
25.6,3.13613,0.00125404
25.7,3.13625,0.00126474
25.8,3.13638,0.00127316
25.9,3.13651,0.0012794
26,3.13663,0.00128356
26.1,3.13676,0.00128574
26.2,3.13689,0.00128603
26.3,3.13702,0.00128455
26.4,3.13715,0.00128136
26.5,3.13728,0.00127658
26.6,3.1374,0.00127028
26.7,3.13753,0.00126255
26.8,3.13766,0.00125348
26.9,3.13778,0.00124314
27,3.1379,0.00123161
27.1,3.13803,0.00121897
27.2,3.13815,0.0012053
27.3,3.13827,0.00119066
27.4,3.13839,0.00117512
27.5,3.1385,0.00115876
27.6,3.13862,0.00114163
27.7,3.13873,0.0011238
27.8,3.13884,0.00110533
27.9,3.13895,0.00108628
28,3.13906,0.00106669
28.1,3.13917,0.00104663
28.2,3.13927,0.00102616
28.3,3.13937,0.0010053
28.4,3.13947,0.000984126
28.5,3.13957,0.00096267
28.6,3.13966,0.000940978
28.7,3.13976,0.000919092
28.8,3.13985,0.000897053
28.9,3.13994,0.000874898
29,3.14002,0.000852664
29.1,3.14011,0.000830386
29.2,3.14019,0.000808096
29.3,3.14027,0.000785826
29.4,3.14035,0.000763605
29.5,3.14042,0.000741461
29.6,3.14049,0.000719422
29.7,3.14056,0.000697511
29.8,3.14063,0.000675753
29.9,3.1407,0.000654171
30,3.14076,0.000632784
30.1,3.14083,0.000611612
30.2,3.14089,0.000590674
30.3,3.14094,0.000569986
30.4,3.141,0.000549564
30.5,3.14105,0.000529423
30.6,3.14111,0.000509577
30.7,3.14116,0.000490037
30.8,3.1412,0.000470815
30.9,3.14125,0.000451921
31,3.14129,0.000433365
31.1,3.14134,0.000415156
31.2,3.14138,0.000397299
31.3,3.14142,0.000379803
31.4,3.14145,0.000362673
31.5,3.14149,0.000345913
31.6,3.14152,0.000329529
31.7,3.14155,0.000313524
31.8,3.14159,0.0002979
31.9,3.14161,0.00028266
32,3.14164,0.000267804
32.1,3.14167,0.000253335
32.2,3.14169,0.000239252
32.3,3.14172,0.000225556
32.4,3.14174,0.000212244
32.5,3.14176,0.000199317
32.6,3.14178,0.000186772
32.7,3.1418,0.000174607
32.8,3.14181,0.00016282
32.9,3.14183,0.000151407
33,3.14184,0.000140366
33.1,3.14186,0.000129693
33.2,3.14187,0.000119383
33.3,3.14188,0.000109433
33.4,3.14189,9.98378e-05
33.5,3.1419,9.05926e-05
33.6,3.14191,8.16923e-05
33.7,3.14192,7.31318e-05
33.8,3.14192,6.49056e-05
33.9,3.14193,5.70079e-05
34,3.14193,4.94331e-05
34.1,3.14194,4.2175e-05
34.2,3.14194,3.52277e-05
34.3,3.14195,2.85849e-05
34.4,3.14195,2.22402e-05
34.5,3.14195,1.61873e-05
34.6,3.14195,1.04196e-05
34.7,3.14195,4.93071e-06
34.8,3.14195,-2.86104e-07
34.9,3.14195,-5.23745e-06
35,3.14195,-9.92999e-06
35.1,3.14195,-1.43704e-05
35.2,3.14195,-1.85654e-05
35.3,3.14195,-2.25217e-05
35.4,3.14194,-2.6246e-05
35.5,3.14194,-2.97448e-05
35.6,3.14194,-3.30249e-05
35.7,3.14194,-3.60929e-05
35.8,3.14193,-3.89553e-05
35.9,3.14193,-4.16185e-05
36,3.14192,-4.40892e-05
36.1,3.14192,-4.63735e-05
36.2,3.14191,-4.8478e-05
36.3,3.14191,-5.04087e-05
36.4,3.1419,-5.21719e-05
36.5,3.1419,-5.37737e-05
36.6,3.14189,-5.522e-05
36.7,3.14189,-5.65168e-05
36.8,3.14188,-5.76699e-05
36.9,3.14188,-5.86849e-05
37,3.14187,-5.95676e-05
37.1,3.14186,-6.03234e-05
37.2,3.14186,-6.09576e-05
37.3,3.14185,-6.14758e-05
37.4,3.14185,-6.18829e-05
37.5,3.14184,-6.21841e-05
37.6,3.14183,-6.23843e-05
37.7,3.14183,-6.24885e-05
37.8,3.14182,-6.25013e-05
37.9,3.14181,-6.24274e-05
38,3.14181,-6.22713e-05
38.1,3.1418,-6.20374e-05
38.2,3.1418,-6.17299e-05
38.3,3.14179,-6.1353e-05
38.4,3.14178,-6.09107e-05
38.5,3.14178,-6.04071e-05
38.6,3.14177,-5.98458e-05
38.7,3.14177,-5.92307e-05
38.8,3.14176,-5.85652e-05
38.9,3.14175,-5.78529e-05
39,3.14175,-5.70971e-05
39.1,3.14174,-5.63011e-05
39.2,3.14174,-5.5468e-05
39.3,3.14173,-5.46009e-05
39.4,3.14173,-5.37026e-05
39.5,3.14172,-5.27759e-05
39.6,3.14172,-5.18237e-05
39.7,3.14171,-5.08485e-05
39.8,3.14171,-4.98529e-05
39.9,3.1417,-4.88391e-05
40,3.1417,-4.78096e-05
40.1,3.14169,-4.67666e-05
40.2,3.14169,-4.57122e-05
40.3,3.14168,-4.46484e-05
40.4,3.14168,-4.35771e-05
40.5,3.14167,-4.25003e-05
40.6,3.14167,-4.14197e-05
40.7,3.14166,-4.03369e-05
40.8,3.14166,-3.92536e-05
40.9,3.14166,-3.81713e-05
41,3.14165,-3.70914e-05
41.1,3.14165,-3.60153e-05
41.2,3.14165,-3.49443e-05
41.3,3.14164,-3.38795e-05
41.4,3.14164,-3.28222e-05
41.5,3.14164,-3.17735e-05
41.6,3.14163,-3.07342e-05
41.7,3.14163,-2.97055e-05
41.8,3.14163,-2.86881e-05
41.9,3.14162,-2.76829e-05
42,3.14162,-2.66906e-05
42.1,3.14162,-2.5712e-05
42.2,3.14162,-2.47478e-05
42.3,3.14161,-2.37984e-05
42.4,3.14161,-2.28645e-05
42.5,3.14161,-2.19466e-05
42.6,3.14161,-2.10451e-05
42.7,3.14161,-2.01604e-05
42.8,3.1416,-1.92929e-05
42.9,3.1416,-1.84429e-05
43,3.1416,-1.76107e-05
43.1,3.1416,-1.67965e-05
43.2,3.1416,-1.60006e-05
43.3,3.14159,-1.5223e-05
43.4,3.14159,-1.4464e-05
43.5,3.14159,-1.37237e-05
43.6,3.14159,-1.30021e-05
43.7,3.14159,-1.22992e-05
43.8,3.14159,-1.16151e-05
43.9,3.14159,-1.09498e-05
44,3.14159,-1.03032e-05
44.1,3.14158,-9.67531e-06
44.2,3.14158,-9.06596e-06
44.3,3.14158,-8.47509e-06
44.4,3.14158,-7.90257e-06
44.5,3.14158,-7.34826e-06
44.6,3.14158,-6.812e-06
44.7,3.14158,-6.2936e-06
44.8,3.14158,-5.79287e-06
44.9,3.14158,-5.30961e-06
45,3.14158,-4.8436e-06
45.1,3.14158,-4.39459e-06
45.2,3.14158,-3.96235e-06
45.3,3.14158,-3.54661e-06
45.4,3.14158,-3.14711e-06
45.5,3.14158,-2.76358e-06
45.6,3.14158,-2.39572e-06
45.7,3.14158,-2.04327e-06
45.8,3.14158,-1.7059e-06
45.9,3.14158,-1.38333e-06
46,3.14158,-1.07524e-06
46.1,3.14158,-7.81332e-07
46.2,3.14158,-5.01279e-07
46.3,3.14158,-2.34765e-07
46.4,3.14158,1.85307e-08
46.5,3.14158,2.5893e-07
46.6,3.14158,4.86757e-07
46.7,3.14158,7.02338e-07
46.8,3.14158,9.05998e-07
46.9,3.14158,1.09806e-06
47,3.14158,1.27885e-06
47.1,3.14158,1.4487e-06
47.2,3.14158,1.60792e-06
47.3,3.14158,1.75683e-06
47.4,3.14158,1.89576e-06
47.5,3.14158,2.02502e-06
47.6,3.14158,2.14492e-06
47.7,3.14158,2.25577e-06
47.8,3.14158,2.35789e-06
47.9,3.14158,2.45157e-06
48,3.14158,2.53711e-06
48.1,3.14158,2.61482e-06
48.2,3.14158,2.68497e-06
48.3,3.14158,2.74786e-06
48.4,3.14158,2.80377e-06
48.5,3.14158,2.85298e-06
48.6,3.14158,2.89576e-06
48.7,3.14158,2.93238e-06
48.8,3.14158,2.9631e-06
48.9,3.14158,2.98817e-06
49,3.14158,3.00786e-06
49.1,3.14158,3.02241e-06
49.2,3.14158,3.03205e-06
49.3,3.14158,3.03703e-06
49.4,3.14158,3.03757e-06
49.5,3.14158,3.0339e-06
49.6,3.14158,3.02624e-06
49.7,3.14158,3.0148e-06
49.8,3.14158,2.99979e-06
49.9,3.14158,2.98141e-06
50,3.14158,2.95986e-06
50.1,3.14158,2.93533e-06
50.2,3.14158,2.908e-06
50.3,3.14158,2.87806e-06
50.4,3.14158,2.84567e-06
50.5,3.14158,2.81101e-06
50.6,3.14159,2.77424e-06
50.7,3.14159,2.73552e-06
50.8,3.14159,2.695e-06
50.9,3.14159,2.65283e-06
51,3.14159,2.60914e-06
51.1,3.14159,2.56408e-06
51.2,3.14159,2.51778e-06
51.3,3.14159,2.47037e-06
51.4,3.14159,2.42196e-06
51.5,3.14159,2.37268e-06
51.6,3.14159,2.32263e-06
51.7,3.14159,2.27193e-06
51.8,3.14159,2.22067e-06
51.9,3.14159,2.16896e-06
52,3.14159,2.11689e-06
52.1,3.14159,2.06455e-06
52.2,3.14159,2.01203e-06
52.3,3.14159,1.95941e-06
52.4,3.14159,1.90676e-06
52.5,3.14159,1.85416e-06
52.6,3.14159,1.80168e-06
52.7,3.14159,1.74938e-06
52.8,3.14159,1.69734e-06
52.9,3.14159,1.6456e-06
53,3.14159,1.59422e-06
53.1,3.14159,1.54326e-06
53.2,3.14159,1.49276e-06
53.3,3.14159,1.44277e-06
53.4,3.14159,1.39334e-06
53.5,3.14159,1.34449e-06
53.6,3.14159,1.29628e-06
53.7,3.14159,1.24873e-06
53.8,3.14159,1.20188e-06
53.9,3.14159,1.15576e-06
54,3.14159,1.11038e-06
54.1,3.14159,1.06579e-06
54.2,3.14159,1.02199e-06
54.3,3.14159,9.79006e-07
54.4,3.14159,9.36861e-07
54.5,3.14159,8.95567e-07
54.6,3.14159,8.55138e-07
54.7,3.14159,8.15585e-07
54.8,3.14159,7.76919e-07
54.9,3.14159,7.39148e-07
55,3.14159,7.02278e-07
55.1,3.14159,6.66314e-07
55.2,3.14159,6.3126e-07
55.3,3.14159,5.97118e-07
55.4,3.14159,5.63888e-07
55.5,3.14159,5.3157e-07
55.6,3.14159,5.00163e-07
55.7,3.14159,4.69662e-07
55.8,3.14159,4.40064e-07
55.9,3.14159,4.11364e-07
56,3.14159,3.83556e-07
56.1,3.14159,3.56633e-07
56.2,3.14159,3.30587e-07
56.3,3.14159,3.05408e-07
56.4,3.14159,2.81089e-07
56.5,3.14159,2.57618e-07
56.6,3.14159,2.34985e-07
56.7,3.14159,2.13178e-07
56.8,3.14159,1.92186e-07
56.9,3.14159,1.71996e-07
57,3.14159,1.52595e-07
57.1,3.14159,1.33969e-07
57.2,3.14159,1.16106e-07
57.3,3.14159,9.89899e-08
57.4,3.14159,8.26074e-08
57.5,3.14159,6.69436e-08
57.6,3.14159,5.19836e-08
57.7,3.14159,3.7712e-08
57.8,3.14159,2.41137e-08
57.9,3.14159,1.11732e-08
58,3.14159,-1.1252e-09
58.1,3.14159,-1.27971e-08
58.2,3.14159,-2.38584e-08
58.3,3.14159,-3.43247e-08
58.4,3.14159,-4.4212e-08
58.5,3.14159,-5.35359e-08
58.6,3.14159,-6.23124e-08
58.7,3.14159,-7.05571e-08
58.8,3.14159,-7.82857e-08
58.9,3.14159,-8.55138e-08
59,3.14159,-9.22569e-08
59.1,3.14159,-9.85302e-08
59.2,3.14159,-1.04349e-07
59.3,3.14159,-1.09729e-07
59.4,3.14159,-1.14684e-07
59.5,3.14159,-1.19229e-07
59.6,3.14159,-1.23379e-07
59.7,3.14159,-1.27149e-07
59.8,3.14159,-1.30551e-07
59.9,3.14159,-1.33601e-07
60,3.14159,-1.36313e-07
60.1,3.14159,-1.38698e-07
60.2,3.14159,-1.40772e-07
60.3,3.14159,-1.42546e-07
60.4,3.14159,-1.44033e-07
60.5,3.14159,-1.45247e-07
60.6,3.14159,-1.46199e-07
60.7,3.14159,-1.46901e-07
60.8,3.14159,-1.47366e-07
60.9,3.14159,-1.47604e-07
61,3.14159,-1.47626e-07
61.1,3.14159,-1.47444e-07
61.2,3.14159,-1.47068e-07
61.3,3.14159,-1.46509e-07
61.4,3.14159,-1.45776e-07
61.5,3.14159,-1.4488e-07
61.6,3.14159,-1.4383e-07
61.7,3.14159,-1.42635e-07
61.8,3.14159,-1.41304e-07
61.9,3.14159,-1.39847e-07
62,3.14159,-1.38271e-07
62.1,3.14159,-1.36584e-07
62.2,3.14159,-1.34795e-07
62.3,3.14159,-1.32912e-07
62.4,3.14159,-1.30941e-07
62.5,3.14159,-1.2889e-07
62.6,3.14159,-1.26765e-07
62.7,3.14159,-1.24574e-07
62.8,3.14159,-1.22323e-07
62.9,3.14159,-1.20018e-07
63,3.14159,-1.17664e-07
63.1,3.14159,-1.15268e-07
63.2,3.14159,-1.12835e-07
63.3,3.14159,-1.1037e-07
63.4,3.14159,-1.07879e-07
63.5,3.14159,-1.05365e-07
63.6,3.14159,-1.02835e-07
63.7,3.14159,-1.00291e-07
63.8,3.14159,-9.7738e-08
63.9,3.14159,-9.51803e-08
64,3.14159,-9.26216e-08
64.1,3.14159,-9.00653e-08
64.2,3.14159,-8.75148e-08
64.3,3.14159,-8.49735e-08
64.4,3.14159,-8.24442e-08
64.5,3.14159,-7.99299e-08
64.6,3.14159,-7.74333e-08
64.7,3.14159,-7.49569e-08
64.8,3.14159,-7.25031e-08
64.9,3.14159,-7.00741e-08
65,3.14159,-6.76721e-08
65.1,3.14159,-6.52989e-08
65.2,3.14159,-6.29564e-08
65.3,3.14159,-6.06462e-08
65.4,3.14159,-5.83698e-08
65.5,3.14159,-5.61288e-08
65.6,3.14159,-5.39243e-08
65.7,3.14159,-5.17575e-08
65.8,3.14159,-4.96296e-08
65.9,3.14159,-4.75415e-08
66,3.14159,-4.5494e-08
66.1,3.14159,-4.34878e-08
66.2,3.14159,-4.15237e-08
66.3,3.14159,-3.96023e-08
66.4,3.14159,-3.77239e-08
66.5,3.14159,-3.5889e-08
66.6,3.14159,-3.40979e-08
66.7,3.14159,-3.23509e-08
66.8,3.14159,-3.06481e-08
66.9,3.14159,-2.89896e-08
67,3.14159,-2.73754e-08
67.1,3.14159,-2.58056e-08
67.2,3.14159,-2.428e-08
67.3,3.14159,-2.27985e-08
67.4,3.14159,-2.13608e-08
67.5,3.14159,-1.99668e-08
67.6,3.14159,-1.86161e-08
67.7,3.14159,-1.73084e-08
67.8,3.14159,-1.60434e-08
67.9,3.14159,-1.48205e-08
68,3.14159,-1.36393e-08
68.1,3.14159,-1.24994e-08
68.2,3.14159,-1.14002e-08
68.3,3.14159,-1.03411e-08
68.4,3.14159,-9.32161e-09
68.5,3.14159,-8.34108e-09
68.6,3.14159,-7.39889e-09
68.7,3.14159,-6.49438e-09
68.8,3.14159,-5.62688e-09
68.9,3.14159,-4.79572e-09
69,3.14159,-4.00018e-09
69.1,3.14159,-3.23956e-09
69.2,3.14159,-2.51313e-09
69.3,3.14159,-1.82014e-09
69.4,3.14159,-1.15987e-09
69.5,3.14159,-5.31541e-10
69.6,3.14159,6.55906e-11
69.7,3.14159,6.3229e-10
69.8,3.14159,1.16932e-09
69.9,3.14159,1.67746e-09
70,3.14159,2.15746e-09
70.1,3.14159,2.61011e-09
70.2,3.14159,3.03616e-09
70.3,3.14159,3.43638e-09
70.4,3.14159,3.81153e-09
70.5,3.14159,4.16237e-09
70.6,3.14159,4.48965e-09
70.7,3.14159,4.79412e-09
70.8,3.14159,5.07651e-09
70.9,3.14159,5.33757e-09
71,3.14159,5.57801e-09
71.1,3.14159,5.79855e-09
71.2,3.14159,5.9999e-09
71.3,3.14159,6.18275e-09
71.4,3.14159,6.3478e-09
71.5,3.14159,6.49572e-09
71.6,3.14159,6.62718e-09
71.7,3.14159,6.74283e-09
71.8,3.14159,6.84332e-09
71.9,3.14159,6.92928e-09
72,3.14159,7.00132e-09
72.1,3.14159,7.06007e-09
72.2,3.14159,7.1061e-09
72.3,3.14159,7.14001e-09
72.4,3.14159,7.16237e-09
72.5,3.14159,7.17372e-09
72.6,3.14159,7.17462e-09
72.7,3.14159,7.16559e-09
72.8,3.14159,7.14716e-09
72.9,3.14159,7.11981e-09
73,3.14159,7.08405e-09
73.1,3.14159,7.04035e-09
73.2,3.14159,6.98918e-09
73.3,3.14159,6.93098e-09
73.4,3.14159,6.86619e-09
73.5,3.14159,6.79524e-09
73.6,3.14159,6.71854e-09
73.7,3.14159,6.63648e-09
73.8,3.14159,6.54945e-09
73.9,3.14159,6.45782e-09
74,3.14159,6.36196e-09
74.1,3.14159,6.2622e-09
74.2,3.14159,6.15889e-09
74.3,3.14159,6.05234e-09
74.4,3.14159,5.94288e-09
74.5,3.14159,5.83079e-09
74.6,3.14159,5.71637e-09
74.7,3.14159,5.59989e-09
74.8,3.14159,5.48162e-09
74.9,3.14159,5.3618e-09
75,3.14159,5.24069e-09
75.1,3.14159,5.11852e-09
75.2,3.14159,4.9955e-09
75.3,3.14159,4.87186e-09
75.4,3.14159,4.74779e-09
75.5,3.14159,4.62348e-09
75.6,3.14159,4.49913e-09
75.7,3.14159,4.37489e-09
75.8,3.14159,4.25095e-09
75.9,3.14159,4.12745e-09
76,3.14159,4.00453e-09
76.1,3.14159,3.88235e-09
76.2,3.14159,3.76103e-09
76.3,3.14159,3.6407e-09
76.4,3.14159,3.52147e-09
76.5,3.14159,3.40344e-09
76.6,3.14159,3.28673e-09
76.7,3.14159,3.17141e-09
76.8,3.14159,3.05759e-09
76.9,3.14159,2.94535e-09
77,3.14159,2.83475e-09
77.1,3.14159,2.72586e-09
77.2,3.14159,2.61876e-09
77.3,3.14159,2.51349e-09
77.4,3.14159,2.41011e-09
77.5,3.14159,2.30866e-09
77.6,3.14159,2.20919e-09
77.7,3.14159,2.11172e-09
77.8,3.14159,2.01631e-09
77.9,3.14159,1.92296e-09
78,3.14159,1.83171e-09
78.1,3.14159,1.74257e-09
78.2,3.14159,1.65557e-09
78.3,3.14159,1.5707e-09
78.4,3.14159,1.48798e-09
78.5,3.14159,1.40742e-09
78.6,3.14159,1.32901e-09
78.7,3.14159,1.25276e-09
78.8,3.14159,1.17865e-09
78.9,3.14159,1.10669e-09
79,3.14159,1.03686e-09
79.1,3.14159,9.69148e-10
79.2,3.14159,9.03544e-10
79.3,3.14159,8.40029e-10
79.4,3.14159,7.78584e-10
79.5,3.14159,7.19189e-10
79.6,3.14159,6.61822e-10
79.7,3.14159,6.06458e-10
79.8,3.14159,5.53072e-10
79.9,3.14159,5.01637e-10
80,3.14159,4.52125e-10
80.1,3.14159,4.04506e-10
80.2,3.14159,3.58749e-10
80.3,3.14159,3.14824e-10
80.4,3.14159,2.72696e-10
80.5,3.14159,2.32334e-10
80.6,3.14159,1.93703e-10
80.7,3.14159,1.56768e-10
80.8,3.14159,1.21493e-10
80.9,3.14159,8.78442e-11
81,3.14159,5.57838e-11
81.1,3.14159,2.52756e-11
81.2,3.14159,-3.71728e-12
81.3,3.14159,-3.12318e-11
81.4,3.14159,-5.73053e-11
81.5,3.14159,-8.1975e-11
81.6,3.14159,-1.05278e-10
81.7,3.14159,-1.27252e-10
81.8,3.14159,-1.47935e-10
81.9,3.14159,-1.67363e-10
82,3.14159,-1.85573e-10
82.1,3.14159,-2.02602e-10
82.2,3.14159,-2.18487e-10
82.3,3.14159,-2.33264e-10
82.4,3.14159,-2.46969e-10
82.5,3.14159,-2.59637e-10
82.6,3.14159,-2.71304e-10
82.7,3.14159,-2.82004e-10
82.8,3.14159,-2.91773e-10
82.9,3.14159,-3.00643e-10
83,3.14159,-3.08649e-10
83.1,3.14159,-3.15822e-10
83.2,3.14159,-3.22197e-10
83.3,3.14159,-3.27803e-10
83.4,3.14159,-3.32674e-10
83.5,3.14159,-3.36838e-10
83.6,3.14159,-3.40327e-10
83.7,3.14159,-3.43171e-10
83.8,3.14159,-3.45397e-10
83.9,3.14159,-3.47034e-10
84,3.14159,-3.4811e-10
84.1,3.14159,-3.48652e-10
84.2,3.14159,-3.48687e-10
84.3,3.14159,-3.48239e-10
84.4,3.14159,-3.47335e-10
84.5,3.14159,-3.45998e-10
84.6,3.14159,-3.44252e-10
84.7,3.14159,-3.42122e-10
84.8,3.14159,-3.39628e-10
84.9,3.14159,-3.36793e-10
85,3.14159,-3.33639e-10
85.1,3.14159,-3.30185e-10
85.2,3.14159,-3.26452e-10
85.3,3.14159,-3.22459e-10
85.4,3.14159,-3.18225e-10
85.5,3.14159,-3.13768e-10
85.6,3.14159,-3.09105e-10
85.7,3.14159,-3.04254e-10
85.8,3.14159,-2.9923e-10
85.9,3.14159,-2.94049e-10
86,3.14159,-2.88726e-10
86.1,3.14159,-2.83276e-10
86.2,3.14159,-2.77713e-10
86.3,3.14159,-2.72051e-10
86.4,3.14159,-2.66301e-10
86.5,3.14159,-2.60477e-10
86.6,3.14159,-2.54589e-10
86.7,3.14159,-2.48651e-10
86.8,3.14159,-2.42672e-10
86.9,3.14159,-2.36662e-10
87,3.14159,-2.30632e-10
87.1,3.14159,-2.2459e-10
87.2,3.14159,-2.18547e-10
87.3,3.14159,-2.12509e-10
87.4,3.14159,-2.06486e-10
87.5,3.14159,-2.00484e-10
87.6,3.14159,-1.94511e-10
87.7,3.14159,-1.88573e-10
87.8,3.14159,-1.82678e-10
87.9,3.14159,-1.76831e-10
88,3.14159,-1.71037e-10
88.1,3.14159,-1.65302e-10
88.2,3.14159,-1.59631e-10
88.3,3.14159,-1.54028e-10
88.4,3.14159,-1.48498e-10
88.5,3.14159,-1.43044e-10
88.6,3.14159,-1.3767e-10
88.7,3.14159,-1.3238e-10
88.8,3.14159,-1.27176e-10
88.9,3.14159,-1.22062e-10
89,3.14159,-1.17039e-10
89.1,3.14159,-1.1211e-10
89.2,3.14159,-1.07278e-10
89.3,3.14159,-1.02543e-10
89.4,3.14159,-9.79076e-11
89.5,3.14159,-9.33728e-11
89.6,3.14159,-8.89399e-11
89.7,3.14159,-8.46098e-11
89.8,3.14159,-8.03831e-11
89.9,3.14159,-7.62605e-11
90,3.14159,-7.22424e-11
90.1,3.14159,-6.83289e-11
90.2,3.14159,-6.45202e-11
90.3,3.14159,-6.08161e-11
90.4,3.14159,-5.72165e-11
90.5,3.14159,-5.3721e-11
90.6,3.14159,-5.03292e-11
90.7,3.14159,-4.70403e-11
90.8,3.14159,-4.38538e-11
90.9,3.14159,-4.07688e-11
91,3.14159,-3.77845e-11
91.1,3.14159,-3.48997e-11
91.2,3.14159,-3.21134e-11
91.3,3.14159,-2.94245e-11
91.4,3.14159,-2.68317e-11
91.5,3.14159,-2.43337e-11
91.6,3.14159,-2.19291e-11
91.7,3.14159,-1.96165e-11
91.8,3.14159,-1.73944e-11
91.9,3.14159,-1.52613e-11
92,3.14159,-1.32155e-11
92.1,3.14159,-1.12554e-11
92.2,3.14159,-9.37949e-12
92.3,3.14159,-7.58595e-12
92.4,3.14159,-5.87309e-12
92.5,3.14159,-4.23917e-12
92.6,3.14159,-2.68244e-12
92.7,3.14159,-1.20111e-12
92.8,3.14159,2.06599e-13
92.9,3.14159,1.5425e-12
93,3.14159,2.8084e-12
93.1,3.14159,4.00611e-12
93.2,3.14159,5.13744e-12
93.3,3.14159,6.20421e-12
93.4,3.14159,7.20823e-12
93.5,3.14159,8.15131e-12
93.6,3.14159,9.03524e-12
93.7,3.14159,9.86182e-12
93.8,3.14159,1.06328e-11
93.9,3.14159,1.135e-11
94,3.14159,1.20151e-11
94.1,3.14159,1.26298e-11
94.2,3.14159,1.3196e-11
94.3,3.14159,1.37152e-11
94.4,3.14159,1.41891e-11
94.5,3.14159,1.46194e-11
94.6,3.14159,1.50076e-11
94.7,3.14159,1.53555e-11
94.8,3.14159,1.56646e-11
94.9,3.14159,1.59364e-11
95,3.14159,1.61725e-11
95.1,3.14159,1.63742e-11
95.2,3.14159,1.65432e-11
95.3,3.14159,1.66808e-11
95.4,3.14159,1.67884e-11
95.5,3.14159,1.68675e-11
95.6,3.14159,1.69193e-11
95.7,3.14159,1.69451e-11
95.8,3.14159,1.69464e-11
95.9,3.14159,1.69242e-11
96,3.14159,1.68798e-11
96.1,3.14159,1.68144e-11
96.2,3.14159,1.67293e-11
96.3,3.14159,1.66254e-11
96.4,3.14159,1.65038e-11
96.5,3.14159,1.63658e-11
96.6,3.14159,1.62122e-11
96.7,3.14159,1.60441e-11
96.8,3.14159,1.58624e-11
96.9,3.14159,1.56681e-11
97,3.14159,1.54621e-11
97.1,3.14159,1.52453e-11
97.2,3.14159,1.50185e-11
97.3,3.14159,1.47825e-11
97.4,3.14159,1.45382e-11
97.5,3.14159,1.42863e-11
97.6,3.14159,1.40275e-11
97.7,3.14159,1.37625e-11
97.8,3.14159,1.3492e-11
97.9,3.14159,1.32167e-11
98,3.14159,1.29372e-11
98.1,3.14159,1.26541e-11
98.2,3.14159,1.23679e-11
98.3,3.14159,1.20793e-11
98.4,3.14159,1.17886e-11
98.5,3.14159,1.14966e-11
98.6,3.14159,1.12035e-11
98.7,3.14159,1.09098e-11
98.8,3.14159,1.06161e-11
98.9,3.14159,1.03227e-11
99,3.14159,1.00299e-11
99.1,3.14159,9.73828e-12
99.2,3.14159,9.44802e-12
99.3,3.14159,9.15949e-12
99.4,3.14159,8.87302e-12
99.5,3.14159,8.58888e-12
99.6,3.14159,8.30735e-12
99.7,3.14159,8.02868e-12
99.8,3.14159,7.75312e-12
99.9,3.14159,7.48088e-12
100,3.14159,7.21218e-12
