Nr,s,x1_start,x2_start,x1_opt,x2_opt,f_opt,f_calls,flag
1,0.1,-1.73073,-1.65557,-1.54792,-1.54776,4.95711,70,1
2,0.1,1.60014,-0.144689,1.54857,0.000623822,2.47856,64,1
3,0.1,1.97884,-1.36789,1.54916,-1.54914,4.95712,90,1
4,0.1,-0.605761,-1.2916,-0.774511,-0.774415,1.23968,107,1
5,0.1,-1.46494,-0.879609,-1.54776,-0.774922,3.0984,72,1
6,0.1,-1.96206,1.07305,-1.54799,0.774615,3.09839,86,1
7,0.1,-1.33095,-0.530511,-1.54814,-0.774261,3.09839,82,1
8,0.1,-1.0807,-1.88517,-0.774447,-1.54767,3.0984,76,1
9,0.1,-1.36921,0.4701,-1.5489,0.774788,3.09839,78,1
10,0.1,-1.02913,-0.724112,-0.774438,-0.774112,1.23969,80,1
11,0.1,1.69424,1.65158,1.54893,1.54845,4.9571,66,1
12,0.1,1.06854,-0.260223,0.774795,0.000714354,0.619854,87,1
13,0.1,0.612531,-1.67655,0.775031,-1.54842,3.09839,79,1
14,0.1,-1.92549,0.15461,-1.54893,-7.78836e-05,2.47855,94,1
15,0.1,-1.07755,-0.63681,-0.774423,-0.77431,1.23968,72,1
16,0.1,0.00938242,-1.05164,7.41603e-06,-0.775075,0.619841,80,1
17,0.1,-1.43049,1.53473,-1.54768,1.5488,4.95711,65,1
18,0.1,0.563424,1.75164,0.774362,1.54852,3.09839,73,1
19,0.1,1.99348,-0.914873,1.54817,-0.774248,3.09839,97,1
20,0.1,1.15675,-1.67567,0.773937,-1.54911,3.09842,104,1
21,0.1,-0.799074,-1.62349,-0.774074,-1.54849,3.0984,43,1
22,0.1,0.605239,1.96566,0.773989,1.54847,3.0984,96,1
23,0.1,0.287856,-0.315758,0.0003559,-0.000133315,4.59926e-06,79,1
24,0.1,0.502297,0.244792,0.774172,-0.000520943,0.619855,88,1
25,0.1,1.63865,1.12681,1.54802,0.775251,3.09839,90,1
26,0.1,-1.41854,0.614284,-1.54823,0.775222,3.09839,87,1
27,0.1,-0.694679,-0.974582,-0.774367,-0.774582,1.23968,65,1
28,0.1,0.419219,-0.507256,0.775469,-0.774444,1.23969,93,1
29,0.1,-0.55538,0.0118447,-0.77413,-0.000655252,0.619862,68,1
30,0.1,-0.937884,-0.459339,-0.775384,3.58073e-05,0.619851,99,1
31,0.1,1.53078,-0.0531904,1.54796,-6.5446e-05,2.47855,81,1
32,0.1,-1.72487,-1.29988,-1.54831,-1.54832,4.95709,65,1
33,0.1,-1.22822,0.66957,-0.775096,0.774258,1.23969,93,1
34,0.1,-1.04496,-0.497985,-0.774648,-0.774548,1.23968,86,1
35,0.1,-0.867438,0.0507506,-0.77525,0.000750568,0.619864,66,1
36,0.1,1.70036,-1.41153,1.5488,-1.54903,4.95711,82,1
37,0.1,-0.413686,1.40692,0.000376284,1.54911,2.47856,99,1
38,0.1,-0.587687,0.676272,-0.775187,0.77471,1.23968,67,1
39,0.1,1.95871,-0.255796,1.54778,0.000454191,2.47856,96,1
40,0.1,1.44085,0.263772,1.54867,-0.000290449,2.47855,88,1
41,0.1,-1.73615,0.689933,-1.54865,0.774308,3.09839,65,1
42,0.1,-0.539897,1.88636,-0.774272,1.54886,3.09839,82,1
43,0.1,-0.916162,0.0816738,-0.773974,0.000423789,0.61986,79,1
44,0.1,-0.875448,-0.103933,-0.775448,0.000754685,0.619872,57,1
45,0.1,-1.22974,-0.168279,-0.775053,0.000470606,0.619848,99,1
46,0.1,1.96462,0.909528,1.549,0.775153,3.0984,97,1
47,0.1,-0.965624,0.799263,-0.774999,0.774263,1.23968,74,1
48,0.1,1.61222,1.00974,1.54816,0.77536,3.0984,81,1
49,0.1,-0.640305,0.663606,-0.77468,0.774544,1.23968,73,1
50,0.1,-1.14429,0.36345,-0.773979,-0.000612943,0.619866,93,1
51,0.1,1.7065,-1.26871,1.54869,-0.77496,3.09839,101,1
52,0.1,-0.266482,0.652121,0.000705312,0.773996,0.619869,93,1
53,0.1,-0.464213,-1.54278,-0.77515,-1.54903,3.0984,84,1
54,0.1,-0.0496896,0.757537,0.000310383,0.774724,0.61984,73,1
55,0.1,-1.17738,-0.588663,-0.77426,-0.7746,1.23968,86,1
56,0.1,1.2074,1.37742,1.54803,1.54773,4.95711,92,1
57,0.1,-1.24406,0.150927,-0.775315,-0.000635838,0.619861,94,1
58,0.1,-0.326824,-0.427009,-0.000261565,-0.000446113,8.51572e-06,82,1
59,0.1,-1.48192,0.384313,-1.54911,0.774938,3.0984,101,1
60,0.1,1.41808,1.27701,1.54777,1.54888,4.95711,85,1
61,0.1,1.95592,1.62182,1.54811,1.54838,4.95709,106,1
62,0.1,0.806627,-0.477452,0.775377,-0.774327,1.23969,90,1
63,0.1,1.27791,-0.947895,1.54823,-0.774458,3.09838,84,1
64,0.1,1.21123,1.40946,1.54873,1.54852,4.95709,77,1
65,0.1,-0.112657,1.91023,-0.000157167,1.54773,2.47856,82,1
66,0.1,0.755424,-0.494812,0.774174,-0.7745,1.23969,74,1
67,0.1,0.549657,0.526091,0.774657,0.774529,1.23968,63,1
68,0.1,0.956827,-0.914078,0.774015,-0.775015,1.23969,88,1
69,0.1,1.34153,1.42472,1.54778,1.54815,4.9571,72,1
70,0.1,0.188042,-0.913632,0.000542407,-0.77457,0.619847,65,1
71,0.1,-1.38536,-0.574313,-1.54786,-0.774313,3.0984,67,1
72,0.1,-1.75141,-0.923738,-1.54829,-0.775301,3.09839,64,1
73,0.1,0.471161,0.834374,0.774286,0.774999,1.23968,79,1
74,0.1,1.25288,1.31007,1.54819,1.54914,4.95711,85,1
75,0.1,-1.70692,0.4903,-1.54911,0.774675,3.0984,93,1
76,0.1,-1.83421,0.28369,-1.54828,-0.000684773,2.47856,86,1
77,0.1,-1.7629,-0.695038,-1.54883,-0.774726,3.09839,79,1
78,0.1,-0.00994448,0.892044,-0.000569483,0.774856,0.619848,74,1
79,0.1,0.429454,0.713541,0.774766,0.774478,1.23968,78,1
80,0.1,0.0313496,1.92821,9.96129e-05,1.54852,2.47855,97,1
81,0.1,-1.71107,-1.68508,-1.54857,-1.54914,4.95711,71,1
82,0.1,0.373786,-1.60456,0.775348,-1.54831,3.09839,78,1
83,0.1,-0.882058,-1.68541,-0.774246,-1.54791,3.0984,71,1
84,0.1,0.798684,-1.67489,0.775246,-1.54833,3.09839,57,1
85,0.1,-1.54071,0.0330882,-1.54852,0.00027573,2.47855,73,1
86,0.1,-1.09575,-0.78329,-0.775442,-0.775478,1.23971,86,1
87,0.1,-1.34028,-0.864489,-1.54809,-0.775427,3.0984,73,1
88,0.1,1.20853,-0.315163,1.54916,0.000462155,2.47857,75,1
89,0.1,0.873889,1.97039,0.775452,1.54851,3.0984,83,1
90,0.1,-0.219064,-1.69827,-0.000314248,-1.54827,2.47855,64,1
91,0.1,0.950468,0.333762,0.775468,-0.000612949,0.619867,90,1
92,0.1,-0.351664,-1.27385,-0.000101267,-0.775416,0.619853,83,1
93,0.1,-1.01918,0.203068,-0.775429,-5.73801e-05,0.619853,66,1
94,0.1,1.23392,0.756814,1.54799,0.774002,3.0984,86,1
95,0.1,-0.874238,-0.0874187,-0.774238,8.12859e-05,0.619845,50,1
96,0.1,0.440068,1.18744,0.774443,0.774938,1.23968,87,1
97,0.1,1.62786,-0.0196257,1.54817,0.000686802,2.47856,65,1
98,0.1,0.64712,1.40449,0.775245,1.54824,3.09839,64,1
99,0.1,-0.418629,-1.34689,0.000121366,-1.54846,2.47855,87,1
100,0.1,-1.65594,1.54199,-1.54813,1.54824,4.95709,57,1
1,0.5,-0.391674,-1.781,0.000904368,-0.775142,0.619869,87,1
2,0.5,-0.522121,1.80125,-0.00063711,0.773906,0.619871,89,1
3,0.5,1.89144,-1.38604,0.77425,-0.774712,1.23968,81,1
4,0.5,1.95425,-0.39715,0.774562,-0.000665604,0.619852,104,1
5,0.5,-1.12423,1.30562,0.000769098,0.774368,0.61986,66,1
6,0.5,-1.62854,1.65461,-1.54846,1.54914,4.95711,80,1
7,0.5,-1.42728,-0.775086,-0.774937,-0.775086,1.23968,74,1
8,0.5,0.416145,-0.194008,0.77552,-0.774086,1.23971,95,1
9,0.5,0.224221,-0.529721,0.775003,-0.000423653,0.619845,80,1
10,0.5,-1.29299,0.801314,-0.775413,0.77397,1.23971,81,1
11,0.5,1.47701,0.0480156,0.773887,-0.00081252,0.61988,75,1
12,0.5,0.198869,-1.52661,0.775041,0.000728781,0.619857,108,1
13,0.5,0.0961246,0.767745,0.000421454,0.775558,0.619865,74,1
14,0.5,1.14877,-1.31834,1.54917,-0.775368,3.09841,95,1
15,0.5,0.643958,-0.128348,-0.000573451,0.000558478,2.04029e-05,81,1
16,0.5,1.08621,-0.522627,1.5491,0.000810332,2.47858,79,1
17,0.5,-1.19643,-1.70762,-0.774555,-1.54746,3.09841,87,1
18,0.5,0.907128,-0.208665,0.774316,-0.775071,1.23968,83,1
19,0.5,1.20899,-1.4378,1.54883,-0.775691,3.09842,93,1
20,0.5,-1.28784,-0.139159,-0.774173,-0.00048758,0.619854,80,1
21,0.5,-0.666957,-1.45219,-0.000941468,-0.774458,0.619867,99,1
22,0.5,0.203755,-1.33759,0.774068,-0.775086,1.23969,72,1
23,0.5,0.842,0.436556,0.775594,0.774446,1.2397,95,1
24,0.5,0.760672,-1.63179,0.774344,-1.54781,3.0984,88,1
25,0.5,-1.72488,-0.895053,-1.5491,-0.773959,3.09841,80,1
26,0.5,1.80093,-0.151644,0.775534,0.000700017,0.619874,96,1
27,0.5,-0.612795,-0.0222411,0.000486179,-0.000756759,2.57622e-05,88,1
28,0.5,1.09756,-0.958766,1.54873,-0.775172,3.09839,88,1
29,0.5,0.379288,-1.39204,0.773819,-0.774853,1.2397,80,1
30,0.5,0.14623,1.59142,-0.000254613,1.54846,2.47855,96,1
31,0.5,1.80867,0.400843,0.77547,0.77389,1.23971,97,1
32,0.5,-0.529398,-0.633633,-0.000100935,-0.000820335,2.17527e-05,88,1
33,0.5,-0.847332,1.91625,-0.775066,0.775625,1.2397,112,1
34,0.5,1.00194,0.377927,-1.30797e-05,0.774411,0.61984,90,1
35,0.5,-0.683864,-0.128913,-0.775661,-7.17913e-06,0.619865,89,1
36,0.5,-1.36151,-1.92408,-0.775573,-0.775645,1.23972,86,1
37,0.5,-1.62416,-0.708302,-1.54799,-0.774708,3.09839,80,1
38,0.5,1.57613,1.78305,1.54878,0.775241,3.0984,83,1
39,0.5,1.30307,-0.787913,0.77377,-0.774241,1.23971,74,1
40,0.5,-1.99855,1.5715,-0.000501085,1.54807,2.47856,96,1
41,0.5,-1.76858,-0.681098,-0.774434,-0.774848,1.23968,89,1
42,0.5,-1.46765,1.1798,-0.774288,1.54894,3.0984,86,1
43,0.5,-0.522642,-1.90827,0.000795267,-0.775461,0.619875,86,1
44,0.5,-0.473972,0.979575,0.000637086,0.774497,0.619852,96,1
45,0.5,0.359445,1.92007,0.775461,0.775536,1.23971,110,1
46,0.5,-0.761134,-0.274632,-0.774806,0.774196,1.23968,80,1
47,0.5,0.778151,0.441458,0.774245,0.775442,1.2397,104,1
48,0.5,-1.87286,1.27191,-0.775207,0.773863,1.2397,88,1
49,0.5,-1.43017,1.84018,-0.773919,0.773778,1.23972,89,1
50,0.5,0.400074,-0.963059,0.775074,-0.775559,1.2397,66,1
51,0.5,-1.62248,-0.199086,-1.54826,-0.775258,3.09839,88,1
52,0.5,1.41556,1.2716,0.774932,0.775511,1.2397,82,1
53,0.5,1.52961,-0.209098,0.000309073,-0.775505,0.61986,99,1
54,0.5,-1.0201,-1.93934,-0.000572127,-0.775273,0.619857,100,1
55,0.5,0.821203,-1.21517,0.774328,-0.773765,1.23971,74,1
56,0.5,1.09049,0.285783,1.54752,0.774064,3.09842,80,1
57,0.5,0.531903,0.571961,0.000652567,-0.000304238,1.65073e-05,90,1
58,0.5,1.26807,1.35203,0.773932,0.773905,1.23971,83,1
59,0.5,1.74303,1.90804,0.774275,0.775228,1.23969,98,1
60,0.5,-0.364111,0.889226,-0.000829846,0.773992,0.619875,88,1
61,0.5,0.569872,-0.747529,-0.000440767,-0.774873,0.619844,83,1
62,0.5,1.07886,1.63327,1.54761,1.54929,4.95713,89,1
63,0.5,0.472224,0.890228,0.774958,0.774994,1.23968,95,1
64,0.5,0.886852,-1.21594,0.775524,-0.774538,1.2397,81,1
65,0.5,-0.146417,-1.04344,6.74561e-05,-0.000475723,7.35124e-06,109,1
66,0.5,0.337868,-0.556188,0.775368,0.000452495,0.619857,72,1
67,0.5,-0.548493,-1.20809,0.0003356,-0.774494,0.619842,87,1
68,0.5,-1.58822,-1.24977,-1.54916,-0.775156,3.09841,81,1
69,0.5,-1.31851,1.76888,-0.775544,0.774744,1.2397,96,1
70,0.5,0.915269,-1.43556,0.774644,-0.775402,1.23969,96,1
71,0.5,-1.96241,-0.909542,-0.774912,-0.774777,1.23968,103,1
72,0.5,0.47982,-1.62613,0.774742,-1.54801,3.09839,95,1
73,0.5,-1.40032,0.850414,-0.77532,0.774242,1.23969,89,1
74,0.5,-1.87714,-1.16415,-0.775576,-8.8699e-05,0.619861,92,1
75,0.5,0.0293349,0.183577,3.80077e-05,0.775374,0.619851,80,1
76,0.5,-0.974307,-1.66621,-0.775088,-1.54903,3.0984,82,1
77,0.5,-0.703483,-0.989531,-0.773795,-0.774687,1.2397,88,1
78,0.5,-0.233821,0.0268391,-0.774836,-0.000504681,0.619846,90,1
79,0.5,-0.370641,-0.914565,0.000453176,-0.77394,0.619863,80,1
80,0.5,-1.84994,-0.114645,-0.77377,0.000588982,0.619876,93,1
81,0.5,-1.44754,-0.435178,-0.77566,0.000369049,0.619869,87,1
82,0.5,1.43952,-1.00036,0.775457,-0.000357799,0.619858,96,1
83,0.5,-0.965468,0.931014,-0.774062,0.774764,1.23969,73,1
84,0.5,-0.957529,1.38157,-0.773935,0.774149,1.2397,104,1
85,0.5,-1.41838,-1.81235,-0.773849,-0.775239,1.23971,109,1
86,0.5,-1.39154,1.86052,-0.77435,0.774586,1.23968,88,1
87,0.5,-1.64821,-1.00535,-1.5486,0.000511362,2.47855,87,1
88,0.5,1.2899,0.774744,0.774278,0.774744,1.23968,53,1
89,0.5,0.507567,-0.151391,-0.000245404,0.000952403,3.08009e-05,82,1
90,0.5,-0.181156,1.22062,-0.774906,1.54874,3.09839,81,1
91,0.5,-1.89677,1.34094,-0.775672,0.774531,1.2397,81,1
92,0.5,-0.665912,-0.594945,0.000103276,0.000758455,1.86571e-05,93,1
93,0.5,-1.53884,1.63524,0.000220574,1.5493,2.47857,86,1
94,0.5,1.4659,1.63614,0.774491,1.54825,3.09838,98,1
95,0.5,1.81209,1.9238,0.774978,0.775362,1.23969,97,1
96,0.5,1.48427,1.58535,0.775286,1.54824,3.09839,96,1
97,0.5,1.58062,-0.0148094,1.54742,0.000815563,2.47859,67,1
98,0.5,-0.498994,0.49092,-0.00094717,0.774123,0.619877,81,1
99,0.5,-1.0093,-1.15482,0.000462508,-0.000527996,1.56886e-05,93,1
100,0.5,1.75717,-0.0814478,0.774752,0.000583448,0.619848,96,1
1,1,-1.17401,0.240982,0.775213,-0.774643,1.23968,92,1
2,1,-0.187538,1.96596,0.775353,-0.000840343,0.619872,92,1
3,1,-0.302633,-0.40079,0.775492,-0.000399586,0.619861,107,1
4,1,-1.74814,-0.236896,-0.775488,0.774823,1.23969,76,1
5,1,1.60176,-0.826539,0.000198333,-0.773805,0.619864,108,1
6,1,1.95639,-0.190262,-0.000637637,0.774582,0.619851,85,1
7,1,0.949794,-0.523873,0.000575318,-0.000435221,1.65711e-05,93,1
8,1,-1.1914,0.0996499,0.775399,4.05587e-05,0.619852,99,1
9,1,0.0956276,1.66351,-7.54776e-05,-0.000554939,9.98752e-06,102,1
10,1,-0.247302,-1.47061,0.774182,9.64591e-05,0.619846,91,1
11,1,0.448894,0.479824,-0.000324306,-0.000644368,1.65704e-05,91,1
12,1,-1.16299,-0.506105,-0.000882051,-0.000245385,2.66912e-05,99,1
13,1,-1.10937,-0.571945,8.70155e-06,0.000320663,3.27661e-06,98,1
14,1,0.170594,-1.03794,-0.774719,-0.00082777,0.619859,77,1
15,1,1.85329,-1.25302,-0.000227256,0.774327,0.619844,107,1
16,1,-0.973982,-0.80188,0.000626932,-0.774536,0.619851,76,1
17,1,1.75782,0.336847,0.775399,0.000909257,0.619878,107,1
18,1,-0.864528,1.98249,0.000706747,6.35041e-05,1.60334e-05,107,1
19,1,-0.549166,-1.75461,-0.000338261,-0.774137,0.619851,99,1
20,1,-0.463086,-1.50217,-0.000195702,-0.000218626,2.74153e-06,91,1
21,1,-0.227448,-1.44131,0.774505,0.000100578,0.619839,84,1
22,1,-0.0133198,1.72838,0.000352108,0.775255,0.61985,85,1
23,1,0.347732,-0.788629,7.53688e-05,-0.774957,0.619839,108,1
24,1,0.289509,0.86045,-0.774944,-0.000877932,0.619863,86,1
25,1,1.82604,-1.49159,0.77526,0.000600142,0.619858,92,1
26,1,-1.84677,0.216081,0.000890531,-0.774153,0.619872,107,1
27,1,-0.275216,0.182485,0.775565,-0.774546,1.2397,83,1
28,1,1.69244,-0.177728,0.77447,0.775397,1.23969,92,1
29,1,-1.84946,-1.00613,0.000146854,-0.00027202,3.04291e-06,98,1
30,1,-1.32148,-1.6325,0.000787771,0.000308037,2.27823e-05,104,1
31,1,0.180609,-1.53489,-0.774469,0.000270476,0.619841,90,1
32,1,-1.42013,1.42747,-0.000208927,-0.000263038,3.5931e-06,113,1
33,1,0.515454,1.67771,-0.000170694,-2.29553e-05,9.44558e-07,110,1
34,1,0.048165,1.0587,-0.000663135,0.000107303,1.43693e-05,79,1
35,1,-1.90291,-0.846908,-0.000569041,0.000748306,2.81414e-05,83,1
36,1,1.42316,1.69697,-0.000664585,0.775093,0.619856,92,1
37,1,-1.15994,-0.859957,0.00021272,-0.000582498,1.22451e-05,91,1
38,1,0.537643,0.743988,0.000533388,0.775238,0.619855,78,1
39,1,1.12245,1.068,-0.000595255,-0.000364363,1.55101e-05,86,1
40,1,-0.806166,-1.6888,-0.774916,-0.774733,1.23968,85,1
41,1,-1.62177,1.79978,-0.000680677,0.774394,0.619855,93,1
42,1,-1.29904,-1.39256,0.775183,2.11384e-05,0.619844,112,1
43,1,1.73875,0.648653,0.773907,0.000215701,0.619859,101,1
44,1,-1.65925,1.52919,0.000906279,-0.000106462,2.65144e-05,99,1
45,1,-1.55317,0.749108,-0.000430776,0.774499,0.619845,99,1
46,1,-1.42205,-1.48023,-0.000176397,0.00023822,2.79784e-06,106,1
47,1,-0.101311,1.75709,0.00025193,0.774671,0.619839,93,1
48,1,0.345721,1.38102,1.79909e-05,0.000156523,7.90426e-07,106,1
49,1,0.717898,0.181192,0.774538,-0.773886,1.2397,92,1
50,1,0.0815105,1.85925,-0.000520783,-0.000122556,9.11442e-06,101,1
51,1,-0.903817,-1.52736,0.000480218,-1.8861e-05,7.3545e-06,83,1
52,1,1.11396,-0.899206,0.000680466,-0.000768895,3.35694e-05,85,1
53,1,1.00251,0.922676,0.000558393,0.000800753,3.03461e-05,86,1
54,1,-0.517806,-1.94063,-0.000228329,0.000780031,2.10346e-05,99,1
55,1,0.714841,-0.0746679,0.775388,-0.000449166,0.619858,77,1
56,1,-0.920631,1.10111,-0.000708888,-0.000451988,2.25067e-05,93,1
57,1,-0.988576,-0.822892,-0.000294341,-0.774064,0.619853,85,1
58,1,0.90482,0.577759,0.000522689,-0.000366476,1.29761e-05,94,1
59,1,0.396495,1.33883,1.05767e-05,0.000935585,2.78758e-05,120,1
60,1,-0.370263,1.46759,0.000830692,0.000788449,4.17677e-05,115,1
61,1,-0.889699,1.79645,0.000926231,0.774961,0.619866,85,1
62,1,1.92474,-1.65384,0.000908199,0.000454967,3.28556e-05,113,1
63,1,-1.90649,0.803822,-0.000241748,0.774525,0.61984,93,1
64,1,0.31264,-1.30626,-0.775251,0.773821,1.23971,106,1
65,1,-0.224354,0.405588,0.775646,-0.000662476,0.619878,70,1
66,1,1.97225,0.934451,-0.000404949,0.000857482,2.86346e-05,86,1
67,1,0.651787,-1.98922,-0.00055691,-0.000936062,3.77766e-05,108,1
68,1,-1.81087,-1.95211,-0.77376,-0.000934489,0.619894,98,1
69,1,-0.602289,1.65514,-0.000726956,0.000839606,3.92745e-05,100,1
70,1,-0.00664816,0.934815,-0.000788783,-0.000731403,3.68458e-05,86,1
71,1,0.399017,-0.899965,0.00057904,0.000425234,1.64343e-05,83,1
72,1,1.23796,0.916729,-0.773758,0.000713452,0.619882,108,1
73,1,0.796335,0.407047,0.774851,0.000797286,0.619858,100,1
74,1,0.715148,-1.14491,0.773742,-0.000383124,0.619871,100,1
75,1,-1.68482,1.74974,-0.774659,0.775135,1.23968,92,1
76,1,1.90705,1.63297,0.000802612,0.000155671,2.12841e-05,109,1
77,1,0.209453,-1.18176,-0.774922,0.775274,1.23969,84,1
78,1,1.4315,0.450141,-0.000139529,0.000922682,2.77287e-05,107,1
79,1,-1.71069,1.34144,-0.775144,-0.000361194,0.619847,107,1
80,1,1.55153,0.37502,0.000744642,1.95788e-05,1.76686e-05,93,1
81,1,0.263119,-1.79596,-0.77399,-0.774471,1.23969,91,1
82,1,0.658874,-0.689931,0.000670551,-0.773915,0.619872,107,1
83,1,1.66811,-0.180988,0.000143012,0.77409,0.61985,107,1
84,1,-1.41946,-0.225969,0.000464302,0.774031,0.619859,107,1
85,1,-1.18735,-1.95511,0.775537,-2.73641e-05,0.619858,97,1
86,1,-1.5798,-0.108685,0.000281112,0.000690101,1.7681e-05,90,1
87,1,-1.75802,-0.649771,-0.775598,0.000619807,0.619874,99,1
88,1,1.31221,0.174117,-0.775685,-0.775102,1.23971,109,1
89,1,-1.05284,1.52045,-0.000106349,0.000918591,2.72291e-05,100,1
90,1,1.9472,-1.51205,-6.77724e-05,-0.000335071,3.7213e-06,100,1
91,1,-1.69775,-1.91422,-0.773921,-0.000161979,0.619858,98,1
92,1,1.42139,-0.239695,-0.000481954,0.773977,0.619862,100,1
93,1,-0.961076,-0.759644,-0.000138594,-0.775269,0.619847,79,1
94,1,1.34126,1.34179,-0.000537184,-6.91895e-06,9.19021e-06,105,1
95,1,1.63022,1.54811,-0.000635899,-0.000718913,2.93334e-05,110,1
96,1,-1.1418,-1.06567,0.000773955,0.000740716,3.65445e-05,98,1
97,1,1.96587,-0.356723,-0.000926783,0.000698642,4.28926e-05,115,1
98,1,1.42469,0.235837,0.000863314,-0.773929,0.61988,107,1
99,1,-0.453461,-0.2126,-0.000335581,0.775681,0.61987,85,1
100,1,-1.76998,-1.09965,-0.773882,-4.54744e-05,0.619859,84,1
